path,extremum,orbit_abs_deg,world_spin_delta_deg,centerline_gap_over_R,leg_index_zero_based,rod_index_zero_based,leg_point_x_over_R,leg_point_y_over_R,rod_x_over_R,rod_y_over_R
LOW_current,minimum,25.18,50.36,0.20631686708291633,0,10,-1.5286472645773554,0.9654507837808732,-1.732050807569,1.0
LOW_current,minimum,34.82,69.64,0.20631686708287342,1,10,-1.6004285371466,0.841121972659072,-1.732050807569,1.0
LOW_current,maximum,0.0,0.0,0.8660254037841226,2,7,-1.7320508075688772,-0.5000000000000001,-2.598076211353,-0.5
LOW_current,maximum,60.0,120.0,0.8660254037842194,2,14,-0.43301270189189023,1.7500000000001898,-0.866025403784,2.5
HIGH_current,minimum,28.18,13.15563855716444,0.11765641048909296,1,7,-2.4838433937599103,-0.5281761302155188,-2.598076211353,-0.5
HIGH_current,minimum,31.82,106.84436144283556,0.11765641048943398,1,9,-1.6993356433191524,-1.8869834129104772,-1.732050807569,-2.0
HIGH_current,maximum,0.0,0.0,0.8660254037841226,2,7,-1.7320508075688772,-0.5000000000000001,-2.598076211353,-0.5
HIGH_current,maximum,60.0,120.0,0.8660254037842187,2,13,-0.4330127018918907,-1.2499999999998095,-0.866025403784,-0.5
HIGH_candidate,minimum,28.28,13.034129941484782,0.11979543210531433,1,7,-2.4817967981280282,-0.5288104774926636,-2.598076211353,-0.5
HIGH_candidate,minimum,31.72,106.96587005851525,0.11979543210565528,1,9,-1.6988617063600402,-1.8848938354634206,-1.732050807569,-2.0
HIGH_candidate,maximum,0.0,0.0,0.8660254037841226,2,7,-1.7320508075688772,-0.5000000000000001,-2.598076211353,-0.5
HIGH_candidate,maximum,60.0,120.0,0.8660254037842187,2,13,-0.4330127018918907,-1.2499999999998095,-0.866025403784,-0.5
