mode,orbit_abs_deg,world_spin_delta_deg
LOW_current,0.0,0.0
LOW_current,60.0,120.0
HIGH_current,0.0,0.0
HIGH_current,1.0,1.5989873814591757e-30
HIGH_current,2.0,5.701869638866159e-25
HIGH_current,3.0,1.152434971759837e-21
HIGH_current,4.0,2.8111019980574476e-19
HIGH_current,5.0,2.1583054789105537e-17
HIGH_current,6.0,7.994955966450852e-16
HIGH_current,7.0,1.794652273644545e-14
HIGH_current,8.0,2.7973114723989133e-13
HIGH_current,9.0,3.3058507782169475e-12
HIGH_current,10.0,3.1457279999991735e-11
HIGH_current,11.0,2.5160550463083504e-10
HIGH_current,12.0,1.746229827378612e-09
HIGH_current,13.0,1.0774574904201299e-08
HIGH_current,14.0,6.023444564651203e-08
HIGH_current,15.0,3.09740974206088e-07
HIGH_current,16.0,1.4831762131399917e-06
HIGH_current,17.0,6.680817468602687e-06
HIGH_current,18.0,2.8549532919021162e-05
HIGH_current,19.0,0.00011658326672457588
HIGH_current,20.0,0.0004577619256518332
HIGH_current,21.0,0.001737638122097481
HIGH_current,22.0,0.006407101042697275
HIGH_current,23.0,0.02304452985291927
HIGH_current,24.0,0.08114183438286766
HIGH_current,25.0,0.28045321431314907
HIGH_current,26.0,0.9519671891471888
HIGH_current,27.0,3.154346505257148
HIGH_current,28.0,9.94814951550205
HIGH_current,29.0,27.76753308029313
HIGH_current,30.0,60.0
HIGH_current,31.0,92.232466919707
HIGH_current,32.0,110.05185048449793
HIGH_current,33.0,116.84565349474286
HIGH_current,34.0,119.04803281085282
HIGH_current,35.0,119.71954678568686
HIGH_current,36.0,119.91885816561712
HIGH_current,37.0,119.97695547014709
HIGH_current,38.0,119.9935928989573
HIGH_current,39.0,119.9982623618779
HIGH_current,40.0,119.99954223807435
HIGH_current,41.0,119.99988341673327
HIGH_current,42.0,119.99997145046707
HIGH_current,43.0,119.99999331918252
HIGH_current,44.0,119.9999985168238
HIGH_current,45.0,119.99999969025902
HIGH_current,46.0,119.99999993976554
HIGH_current,47.0,119.99999998922542
HIGH_current,48.0,119.99999999825377
HIGH_current,49.0,119.99999999974838
HIGH_current,50.0,119.99999999996854
HIGH_current,51.0,119.9999999999967
HIGH_current,52.0,119.99999999999973
HIGH_current,53.0,119.99999999999997
HIGH_current,54.0,120.0
HIGH_current,55.0,120.0
HIGH_current,56.0,120.0
HIGH_current,57.0,120.0
HIGH_current,58.0,120.0
HIGH_current,59.0,120.0
HIGH_current,60.0,120.0
HIGH_candidate,0.0,0.0
HIGH_candidate,1.0,2.3468310083884626e-33
HIGH_candidate,2.0,2.6072368591468456e-27
HIGH_candidate,3.0,1.036598717943653e-23
HIGH_candidate,4.0,4.1216560447029366e-21
HIGH_candidate,5.0,4.654624133662807e-19
HIGH_candidate,6.0,2.376993866190006e-17
HIGH_candidate,7.0,7.035513264062841e-16
HIGH_candidate,8.0,1.3998434058871952e-14
HIGH_candidate,9.0,2.060435289573381e-13
HIGH_candidate,10.0,2.395350998931466e-12
HIGH_candidate,11.0,2.3048077552224215e-11
HIGH_candidate,12.0,1.9002266998608226e-10
HIGH_candidate,13.0,1.3783291330596532e-09
HIGH_candidate,14.0,8.979191716157468e-09
HIGH_candidate,15.0,5.340779565652346e-08
HIGH_candidate,16.0,2.939411885494391e-07
HIGH_candidate,17.0,1.5135555685092548e-06
HIGH_candidate,18.0,7.35929526287644e-06
HIGH_candidate,19.0,3.405556656121092e-05
HIGH_candidate,20.0,0.0001510055065534461
HIGH_candidate,21.0,0.000645372995895448
HIGH_candidate,22.0,0.0026723763809779993
HIGH_candidate,23.0,0.01077095117328442
HIGH_candidate,24.0,0.04242667469993264
HIGH_candidate,25.0,0.16386202028685048
HIGH_candidate,26.0,0.62146559268562
HIGH_candidate,27.0,2.304706632685276
HIGH_candidate,28.0,8.16463893110598
HIGH_candidate,29.0,25.55567825388734
HIGH_candidate,30.0,60.0
HIGH_candidate,31.0,94.44432174611279
HIGH_candidate,32.0,111.83536106889402
HIGH_candidate,33.0,117.69529336731473
HIGH_candidate,34.0,119.37853440731439
HIGH_candidate,35.0,119.83613797971316
HIGH_candidate,36.0,119.95757332530007
HIGH_candidate,37.0,119.98922904882673
HIGH_candidate,38.0,119.99732762361903
HIGH_candidate,39.0,119.99935462700411
HIGH_candidate,40.0,119.99984899449343
HIGH_candidate,41.0,119.99996594443344
HIGH_candidate,42.0,119.99999264070475
HIGH_candidate,43.0,119.99999848644441
HIGH_candidate,44.0,119.99999970605882
HIGH_candidate,45.0,119.99999994659221
HIGH_candidate,46.0,119.99999999102081
HIGH_candidate,47.0,119.99999999862166
HIGH_candidate,48.0,119.99999999980997
HIGH_candidate,49.0,119.99999999997695
HIGH_candidate,50.0,119.9999999999976
HIGH_candidate,51.0,119.99999999999979
HIGH_candidate,52.0,119.99999999999997
HIGH_candidate,53.0,120.0
HIGH_candidate,54.0,120.0
HIGH_candidate,55.0,120.0
HIGH_candidate,56.0,120.0
HIGH_candidate,57.0,120.0
HIGH_candidate,58.0,120.0
HIGH_candidate,59.0,120.0
HIGH_candidate,60.0,120.0
