sampled_min_over_R,exponent,center_deg,lower_bound_over_R
0.06359220860313361,10,28.25,0.05368149862939461
0.06736256476471597,10,28.5,0.058427653763789486
0.07191189256911262,10,28.75,0.06130156858574359
0.07614457342278443,10,29.0,0.06521013649845295
0.07974218116656862,10,29.25,0.06984126591147238
0.08391010603840797,10,29.5,0.07497862044586179
0.08868412588530852,10,29.75,0.08064850617930606
0.09360724895448509,10,30.0,0.08269388351390332
0.08868412588567658,10,30.25,0.08064850617967408
0.08391010603877315,10,30.5,0.074978620446227
0.07974218116693338,10,30.75,0.06984126591183713
0.07614457342314894,10,31.0,0.06521013649881736
0.07191189256948007,10,31.25,0.06130156858606758
0.06736256476506537,10,31.5,0.05842765376413879
0.06359220860346881,10,31.75,0.053681498629729825
0.06734723065096447,11,28.25,0.057770967729483425
0.07210303686750612,11,28.5,0.059988282535273475
0.07647218694167805,11,28.75,0.06447685896139685
0.07996877975787849,11,29.0,0.06922496594038245
0.08424167659145013,11,29.25,0.07466495355951555
0.08902413091917118,11,29.5,0.08051638605312661
0.09414347738331391,11,29.75,0.08216919070161494
0.09762649850355484,11,30.0,0.08689670162436956
0.09414347738367713,11,30.25,0.08216919070197816
0.08902413091951539,11,30.5,0.08051638605347085
0.08424167659181914,11,30.75,0.0746649535598846
0.07996877975824501,11,31.0,0.06922496594074891
0.07647218694204681,11,31.25,0.06447685896176557
0.07210303686787259,11,31.5,0.05998828253559762
0.06734723065131396,11,31.75,0.057770967729832944
0.0713181713268513,12,28.25,0.059446410983116815
0.07552593781950435,12,28.5,0.06218997930462371
0.07920906768629817,12,28.75,0.06737848830354126
0.08341121461738789,12,29.0,0.07298219569479228
0.0884170379580939,12,29.25,0.0792645115436483
0.09364216111095677,12,29.5,0.080329277773549
0.09724917472832557,12,29.75,0.08543225809128256
0.10137884954912467,12,30.0,0.09095688502652481
0.09724917472867263,12,30.25,0.08543225809162969
0.09364216111131482,12,30.5,0.08032927777390704
0.08841703795846056,12,30.75,0.07926451154401498
0.08341121461774727,12,31.0,0.07298219569515166
0.07920906768665138,12,31.25,0.06737848830389447
0.07552593781986008,12,31.5,0.06218997930497944
0.07131817132720622,12,31.75,0.05944641098341553
0.07533184963238916,13,28.25,0.06030474520101793
0.07898843166069223,13,28.5,0.06575881727265331
0.08287885414466757,13,28.75,0.07132959703747146
0.08700634633938713,13,29.0,0.07698542833412947
0.0924725334370627,13,29.25,0.07798263341151196
0.09717708691891538,13,29.5,0.08396291028416544
0.10065651976022055,13,29.75,0.08911361661685029
0.10528890090702223,13,30.0,0.09526849762306748
0.10065651976058673,13,30.25,0.08911361661721638
0.09717708691928326,13,30.5,0.0839629102845332
0.09247253343743009,13,30.75,0.07798263341184873
0.08700634633973166,13,31.0,0.07698542833447396
0.08287885414503997,13,31.25,0.07132959703784378
0.07898843166106612,13,31.5,0.06575881727302725
0.07533184963271045,13,31.75,0.0603047452013392
0.07708361828549079,14,28.25,0.06206567921524848
0.08099891617057031,14,28.5,0.06798833205881236
0.0850552424230846,14,28.75,0.0738786398697591
0.0905858777621666,14,29.0,0.07815033028747898
0.0950633417610349,14,29.25,0.08006591888831659
0.09910903612899868,14,29.5,0.08610622510970144
0.10330933674047875,14,29.75,0.09213214115121536
0.10824741707961398,14,30.0,0.09869472695453034
0.10330933674081834,14,30.25,0.09213214115155494
0.09910903612933473,14,30.5,0.0861062251100374
0.09506334176137592,14,30.75,0.0800659188886576
0.09058587776253674,14,31.0,0.07815033028776562
0.08505524242343442,14,31.25,0.07387863987010895
0.08099891617090475,14,31.5,0.06798833205914687
0.07708361828582205,14,31.75,0.0620656792155798
0.0790403483047858,15,28.25,0.06414200100229742
0.08295136492555448,15,28.5,0.0702522446606025
0.08789424349141554,15,28.75,0.07715842474648983
0.09368841181749259,15,29.0,0.07644369251202984
0.09710995358074158,15,29.25,0.08222419895931359
0.10123547241538512,15,29.5,0.08853669763787801
0.10594454259547356,15,29.75,0.0952017563612147
0.11180490482514781,15,30.0,0.09701231205199413
0.10594454259582567,15,30.25,0.09520175636156669
0.1012354724157251,15,30.5,0.08853669763821793
0.09710995358108457,15,30.75,0.08222419895965652
0.09368841181785047,15,31.0,0.07644369251238767
0.0878942434917768,15,31.25,0.07715842474685108
0.08295136492589979,15,31.5,0.07025224466094786
0.0790403483051173,15,31.75,0.064142001002629
0.08111163510706122,16,28.25,0.06642767332150314
0.08503913238282,16,28.5,0.07272480963662138
0.09095478477998653,16,28.75,0.0751829177940943
0.0951703395943312,16,29.0,0.07788959087703587
0.09911355582598992,16,29.25,0.0844343143424104
0.10340409475608667,16,29.5,0.09108313057094264
0.10891303733018064,16,29.75,0.09865289632104494
0.11517275477516684,16,30.0,0.097915286449317
0.10891303733054354,16,30.25,0.09865289632140775
0.10340409475643024,16,30.5,0.09108313057128609
0.09911355582632597,16,30.75,0.08443431434274644
0.0951703395946765,16,31.0,0.07788959087738108
0.09095478478032341,16,31.25,0.07518291779438341
0.08503913238316989,16,31.5,0.07272480963697127
0.08111163510738974,16,31.75,0.06642767332183168
0.08183102946635117,17,28.25,0.06897421945341728
0.08716184351708664,17,28.5,0.07528816739637577
0.09331333138880034,17,28.75,0.07305116961308547
0.09711366667076213,17,29.0,0.07989285787245906
0.10120967277285114,17,29.25,0.0868167988127937
0.10555653047828566,17,29.5,0.09366981278396554
0.11168562872820316,17,29.75,0.09442790160350954
0.11621691765395942,17,30.0,0.09901486547320201
0.11168562872854114,17,30.25,0.09442790160381173
0.10555653047863064,17,30.5,0.09366981278431051
0.10120967277317804,17,30.75,0.08681679881312049
0.09711366667109367,17,31.0,0.07989285787279043
0.09331333138915252,17,31.25,0.07305116961343752
0.08716184351743819,17,31.5,0.07528816739672732
0.08183102946678938,17,31.75,0.06897421945373693
0.0771526395294366,18,28.25,0.07037244943419842
0.08292180174677707,18,28.5,0.07641189948227928
0.09063099828887645,18,28.75,0.0749299192770991
0.09925875403276256,18,29.0,0.08218272741585972
0.1032703359327051,18,29.25,0.08922946983728498
0.10769801910247183,18,29.5,0.09628647505790344
0.1142685536549757,18,29.75,0.09388560479850755
0.11794462046656477,18,30.0,0.10088277530230091
0.11426855365532546,18,30.25,0.09388560479885748
0.10769801910281819,18,30.5,0.09628647505824985
0.10327033593307276,18,30.75,0.08922946983765268
0.09925875403313167,18,31.0,0.08218272741622867
0.090630998289315,18,31.25,0.07492991927741564
0.08292180174721622,18,31.5,0.07641189948252054
0.07715263952987694,18,31.75,0.07037244943456684
0.07348790881568494,19,28.25,0.06699864829970308
0.07830008115693989,19,28.5,0.0694539805493515
0.0848496519308849,19,28.75,0.07581698597862671
0.09373486035908564,19,29.0,0.0826100282543771
0.10357487102341374,19,29.25,0.0906413083154976
0.10832915604499002,19,29.5,0.09469268025338484
0.11479745063000978,19,29.75,0.09555708181934298
0.11979235609727867,19,30.0,0.10294467547713178
0.11479745063044884,19,30.25,0.09555708181966271
0.1083291560454297,19,30.5,0.09469268025364644
0.10357487102385214,19,30.75,0.09064130831585522
0.09373486035952387,19,31.0,0.08261002825472977
0.08484965193132454,19,31.25,0.07581698597898856
0.07830008115737802,19,31.5,0.06945398054965946
0.07348790881612306,19,31.75,0.0669986483001418
0.06825377699341174,20,28.25,0.06010952530481757
0.07461877305937496,20,28.5,0.06911816926369545
0.08015914078333496,20,28.75,0.0750380468874909
0.08781531882112334,20,29.0,0.08138183677723584
0.0983532152351501,20,29.25,0.09018993949421322
0.10467900296592009,20,29.5,0.0896221116093504
0.110149467849982,20,29.75,0.09635460863976182
0.11770700672865404,20,30.0,0.10372155719604355
0.11014946785042046,20,30.25,0.09635460864011555
0.10467900296635917,20,30.5,0.08962211160966167
0.09835321523558921,20,30.75,0.09018993949465227
0.08781531882156203,20,31.0,0.08138183677767448
0.08015914078377262,20,31.25,0.07503804688792848
0.07461877305981537,20,31.5,0.06911816926405545
0.06825377699385092,20,31.75,0.06010952530525672
0.062021535803687945,21,28.25,0.05438748058306512
0.0716902889467001,21,28.5,0.06511474634195834
0.07635950278489725,21,28.75,0.07164068691099816
0.08293040824988113,21,29.0,0.0769618231965051
0.09214449696087305,21,29.25,0.08449250224171326
0.10177598288605919,21,29.5,0.08941480713824264
0.10638512464351994,21,29.75,0.09777383216660647
0.11286985058004162,21,30.0,0.10616690196179415
0.1063851246439593,21,30.25,0.097773832166926
0.1017759828864988,21,30.5,0.08941480713859257
0.09214449696131163,21,30.75,0.08449250224215181
0.08293040825032023,21,31.0,0.07696182319694414
0.07635950278533489,21,31.25,0.07164068691143585
0.07169028894713836,21,31.5,0.0651147463423967
0.06202153580412651,21,31.75,0.0543874805835037
0.056790660855262604,22,28.25,0.04964795426050065
0.06828215383980822,22,28.5,0.058946091624907354
0.07328533218190134,22,28.75,0.06893336634342902
0.07890529525662036,22,29.0,0.07337170123027424
0.08693196197344581,22,29.25,0.07977239790915028
0.09834379638313376,22,29.5,0.08899104024740277
0.10334031576920444,22,29.75,0.09830948458879282
0.10888505018575943,22,30.0,0.10335559949254577
0.1033403157696449,22,30.25,0.09830948458914136
0.09834379638357178,22,30.5,0.08899104024784067
0.08693196197388514,22,30.75,0.07977239790958955
0.07890529525705936,22,31.0,0.07337170123071328
0.07328533218234067,22,31.25,0.06893336634386832
0.0682821538402456,22,31.5,0.05894609162534469
0.05679066085570051,22,31.75,0.04964795426093858
0.05240648012085082,23,28.25,0.04573229743819354
0.06256953590627345,23,28.5,0.05374477401210123
0.07080057722875756,23,28.75,0.06550446001293117
0.07559267068735626,23,29.0,0.07046272624874045
0.08256220558343436,23,29.25,0.07587223235449912
0.09265686893148012,23,29.5,0.08381638833324816
0.10088002386999075,23,29.75,0.09546468933880406
0.10560652281610827,23,30.0,0.10048123953961063
0.10088002387042985,23,30.25,0.09546468933924109
0.09265686893191866,23,30.5,0.08381638833368658
0.08256220558387274,23,30.75,0.07587223235493747
0.07559267068779393,23,31.0,0.07046272624917815
0.07080057722919662,23,31.25,0.06550446001336836
0.06256953590671173,23,31.5,0.05374477401253956
0.052406480121289345,23,31.75,0.04573229743863206
0.048736256846351744,24,28.25,0.04250512577042778
0.05769704615742976,24,28.5,0.04937041960611624
0.06879382405128368,24,28.75,0.059654041240463584
0.07286911428340558,24,29.0,0.06811112267670737
0.07890342608471013,24,29.25,0.07265754626842456
0.08780533790874567,24,29.5,0.07946394252954
0.09889366934864467,24,29.75,0.08965008798994309
0.1029118422032467,24,30.0,0.0981588521699445
0.09889366934908363,24,30.25,0.08965008799038104
0.08780533790918443,24,30.5,0.07946394252997865
0.07890342608514914,24,30.75,0.0726575462688635
0.07286911428384132,24,31.0,0.06811112267714309
0.06879382405172102,24,31.25,0.05965404124090244
0.057697046157868484,24,31.5,0.04937041960655497
0.0487362568467914,24,31.75,0.04250512577086742
0.045666712817860326,25,28.25,0.039851594030121174
0.05354612238431033,25,28.5,0.04570059743066684
0.06533363200661092,25,28.75,0.054641132683797916
0.07063168299629279,25,29.0,0.06621439845118432
0.07584303779611062,25,29.25,0.07001417918751719
0.08367163731413398,25,29.5,0.07581226245855535
0.09537311441189406,25,29.75,0.08466729352772362
0.10069888121211153,25,30.0,0.09628679141087372
0.09537311441233291,25,30.25,0.08466729352816235
0.0836716373145745,25,30.5,0.07581226245899579
0.07584303779654979,25,30.75,0.07001417918795627
0.07063168299673132,25,31.0,0.06621439845162291
0.06533363200705104,25,31.25,0.05464113268423817
0.053546122384749886,25,31.5,0.04570059743110637
0.045666712818297935,25,31.75,0.0398515940305588
0.04310160971004434,26,28.25,0.03767475801860811
0.05001348599511131,26,28.5,0.04262918958324944
0.06054551767399235,26,28.75,0.05035642680031702
0.06879482043453046,26,29.0,0.062419880192149
0.07328531807896678,26,29.25,0.06784569676433902
0.08015325207869115,26,29.5,0.07275598969410521
0.09060958803466762,26,29.75,0.0804080604407181
0.09888276037199727,26,30.0,0.0923446800323325
0.09060958803510505,26,30.25,0.08040806044115541
0.08015325207912885,26,30.5,0.07275598969454286
0.07328531807940612,26,30.75,0.06784569676477828
0.06879482043496941,26,31.0,0.062419880192585986
0.0605455176744306,26,31.25,0.05035642680075531
0.05001348599554862,26,31.5,0.042629189583686784
0.043101609710482235,26,31.75,0.037674758019046004
0.04095948330876171,27,28.25,0.03589311954199939
0.04700960592108618,27,28.5,0.040064694006833566
0.05639788302555418,27,28.75,0.04670293334622039
0.06728762439155081,27,29.0,0.05729570568195636
0.07114918932498414,27,29.25,0.06607098322312878
0.07716123926065248,27,29.5,0.07020420753560723
0.08648278593732202,27,29.75,0.07677623759792332
0.09739314389508358,27,30.0,0.08725575117109056
0.08648278593776106,27,30.25,0.07677623759836232
0.07716123926109276,27,30.5,0.07020420753604746
0.07114918932542105,27,30.75,0.06607098322356561
0.0672876243919897,27,31.0,0.057295705682393526
0.05639788302599514,27,31.25,0.04670293334666148
0.0470096059215231,27,31.5,0.040064694007270474
0.04095948330919811,27,31.75,0.03589311954243575
0.03917157970316756,28,28.25,0.0344384024961228
0.044457176122559894,28,28.5,0.03792855536115901
0.052808343910327085,28,28.75,0.04359507365081204
0.06592417238257728,28,29.0,0.05283855486673742
0.06936618976515774,28,29.25,0.0646220518013351
0.07461874869003018,28,29.5,0.068078814775665
0.08291099011657979,28,29.75,0.0736869119078817
0.0959246298039703,28,30.0,0.08282910381979533
0.08291099011701766,28,30.25,0.07368691190831951
0.07461874869046761,28,30.5,0.06807881477610234
0.06936618976559789,28,30.75,0.06462205180177515
0.06592417238301514,28,31.0,0.05283855486717538
0.05280834391076858,28,31.25,0.04359507365125357
0.04445717612299942,28,31.5,0.037928555361598525
0.039171579703609696,28,31.75,0.0344384024965649
0.03768001263293284,29,28.25,0.03216053739985412
0.04228966443179323,29,28.5,0.03615358313500651
0.0497042420853904,29,28.75,0.040957695944805195
0.06156482763165461,29,29.0,0.048970549180062314
0.06787865585928292,29,29.25,0.06240044878292982
0.07245960414610485,29,29.5,0.06631297594406663
0.07982207262280053,29,29.75,0.07106546220764137
0.09159092131891858,29,30.0,0.07898761019342825
0.07982207262323865,29,30.25,0.07106546220807941
0.07245960414654458,29,30.5,0.06631297594450636
0.06787865585972454,29,30.75,0.06240044878336908
0.06156482763209463,29,31.0,0.04897054918050241
0.04970424208583043,29,31.25,0.04095769594524535
0.04228966443223165,29,31.5,0.03615358313544491
0.03768001263336891,29,31.75,0.032160537400290554
0.03643614237138374,30,28.25,0.027233689956649775
0.04044996597758214,30,28.5,0.03468249047813115
0.04702173482468562,30,28.75,0.038725072032463094
0.05772706292070235,30,29.0,0.04562158158693777
0.06663811929267541,30,29.25,0.05747924357378158
0.07062698095008299,30,29.5,0.06484968413885327
0.07715261532445902,30,29.75,0.06884658586532598
0.0877754763243413,30,30.0,0.07566177635986648
0.07715261532489792,30,30.25,0.06884658586576477
0.07062698095052314,30,30.5,0.06484968413929335
0.06663811929311525,30,30.75,0.0574792435742211
0.05772706292114085,30,31.0,0.04562158158737642
0.047021734825122424,30,31.25,0.038725072032899925
0.040449965978021286,30,31.5,0.034682490478570305
0.03643614237181947,30,31.75,0.027233689957086398
