exponent,center_deg,sampled_min_over_R
15.5,29.75,0.10739759246222437
15.5,29.8,0.1085252202243026
15.5,29.85,0.10970511764118834
15.5,29.9,0.11086987476731718
15.5,29.95,0.11208551394183204
15.5,30.0,0.11336221868103204
15.5,30.05,0.11208551394218268
15.5,30.1,0.11086987476766365
15.5,30.15,0.10970511764153446
15.5,30.2,0.10852522022466064
15.5,30.25,0.10739759246258204
15.6,29.75,0.10763980611539126
15.6,29.8,0.10875931626663016
15.6,29.85,0.10991823037219661
15.6,29.9,0.111125136022424
15.6,29.95,0.11238930113448953
15.6,30.0,0.11372001773277089
15.6,30.05,0.11238930113484318
15.6,30.1,0.11112513602277369
15.6,30.15,0.1099182303725481
15.6,30.2,0.10875931626697724
15.6,30.25,0.10763980611573574
15.7,29.75,0.10786056137060333
15.7,29.8,0.10900657749928089
15.7,29.85,0.11019991527682302
15.7,29.9,0.11144829189296143
15.7,29.95,0.11276008350218035
15.7,30.0,0.11412612249377693
15.7,30.05,0.11276008350253677
15.7,30.1,0.11144829189331408
15.7,30.15,0.11019991527717765
15.7,30.2,0.10900657749963329
15.7,30.25,0.1078605613709533
15.8,29.75,0.10814810909919526
15.8,29.8,0.10932026755091367
15.8,29.85,0.11054748132260032
15.8,29.9,0.11183657369961927
15.8,29.95,0.1130981747802073
15.8,30.0,0.11440929796039206
15.8,30.05,0.11309817478055677
15.8,30.1,0.11183657369997665
15.8,30.15,0.11054748132295786
15.8,30.2,0.10932026755126913
15.8,30.25,0.10814810909954839
15.9,29.75,0.10849982284303433
15.9,29.8,0.10969078822079022
15.9,29.85,0.11086261241176465
15.9,29.9,0.11209048607251755
15.9,29.95,0.11338576862263397
15.9,30.0,0.11475909957548962
15.9,30.05,0.11338576862298647
15.9,30.1,0.11209048607286817
15.9,30.15,0.11086261241211115
15.9,30.2,0.10969078822113636
15.9,30.25,0.10849982284339042
16.0,29.75,0.10872711867189443
16.0,29.8,0.10989163146778086
16.0,29.85,0.1111080147476616
16.0,29.9,0.11238684207755895
16.0,29.95,0.11373853105421447
16.0,30.0,0.11475749084201212
16.0,30.05,0.11373853105457174
16.0,30.1,0.11238684207791261
16.0,30.15,0.11110801474801134
16.0,30.2,0.10989163146813043
16.0,30.25,0.10872711867224161
16.1,29.75,0.10895635276357134
16.1,29.8,0.11015765295364749
16.1,29.85,0.11141792760394445
16.1,29.9,0.11274681208180014
16.1,29.95,0.11412139666940088
16.1,30.0,0.11480877356719059
16.1,30.05,0.11412139666974916
16.1,30.1,0.11274681208215857
16.1,30.15,0.1114179276042992
16.1,30.2,0.11015765295400226
16.1,30.25,0.10895635276392186
16.2,29.75,0.10924882564306464
16.2,29.8,0.11048637848017177
16.2,29.85,0.11178979744209203
16.2,29.9,0.1130721101662533
16.2,29.95,0.11439541786059325
16.2,30.0,0.11492555391108
16.2,30.05,0.11439541786094651
16.2,30.1,0.11307211016660286
16.2,30.15,0.11178979744244956
16.2,30.2,0.11048637848052949
16.2,30.25,0.10924882564342032
16.3,29.75,0.1096020859509428
16.3,29.8,0.11081252427796523
16.3,29.85,0.11204190873860607
16.3,29.9,0.11334473825557682
16.3,29.95,0.11473289568582888
16.3,30.0,0.1151056313097701
16.3,30.05,0.11473289568618499
16.3,30.1,0.11334473825592944
16.3,30.15,0.11204190873895487
16.3,30.2,0.11081252427831188
16.3,30.25,0.10960208595130341
16.4,29.75,0.1098186327881791
16.4,29.8,0.1110346158549697
16.4,29.85,0.11231763375936299
16.4,29.9,0.11367956226205807
16.4,29.95,0.11475520301277714
16.4,30.0,0.11534675169805368
16.4,30.05,0.11475520301310801
16.4,30.1,0.11367956226241356
16.4,30.15,0.11231763375971686
16.4,30.2,0.11103461585531767
16.4,30.25,0.1098186327885289
16.5,29.75,0.11005589444720758
16.5,29.8,0.11131841435630899
16.5,29.85,0.11265419188030361
16.5,29.9,0.11406889137433673
16.5,29.95,0.11478455803456665
16.5,30.0,0.11564661964325412
16.5,30.05,0.11478455803490517
16.5,30.1,0.11406889137468322
16.5,30.15,0.11265419188066036
16.5,30.2,0.11131841435666204
16.5,30.25,0.11005589444756066
16.6,29.75,0.11035324256288065
16.6,29.8,0.11166157804828679
16.6,29.85,0.1129993425608974
16.6,29.9,0.11432087465081531
16.6,29.95,0.11487650654871882
16.6,30.0,0.11581620900701912
16.6,30.05,0.11487650654905901
16.6,30.1,0.11432087465116492
16.6,30.15,0.1129993425612452
16.6,30.2,0.11166157804864274
16.6,30.25,0.1103532425632368
16.7,29.75,0.1107083780780336
16.7,29.8,0.11194767398919728
16.7,29.85,0.1132443480520275
16.7,29.9,0.11463371145793512
16.7,29.95,0.11502903941243608
16.7,30.0,0.1158310297214687
16.7,30.05,0.11502903941278161
16.7,30.1,0.11463371145828959
16.7,30.15,0.11324434805237847
16.7,30.2,0.11194767398954439
16.7,30.25,0.11070837807839462
16.8,29.75,0.1109163092070116
16.8,29.8,0.11219034082038667
16.8,29.85,0.11354911621607579
16.8,29.9,0.11476559879884912
16.8,29.95,0.11524009607493388
16.8,30.0,0.11590398898372496
16.8,30.05,0.11524009607528263
16.8,30.1,0.11476559879917995
16.8,30.15,0.1135491162164317
16.8,30.2,0.11219034082073896
16.8,30.25,0.11091630920735794
16.9,29.75,0.11116180148710278
16.9,29.8,0.1124915728206905
16.9,29.85,0.11391135474070938
16.9,29.9,0.11476038498925205
16.9,29.95,0.1155075751895189
16.9,30.0,0.1160332457074028
16.9,30.05,0.11550757518987453
16.9,30.1,0.11476038498958484
16.9,30.15,0.11391135474106999
16.9,30.2,0.1124915728210458
16.9,30.25,0.11116180148745235
17.0,29.75,0.11146455448963631
17.0,29.8,0.11284914502762428
17.0,29.85,0.11419553811129575
17.0,29.9,0.11481527543715772
17.0,29.95,0.11582934505463678
17.0,30.0,0.11621691765395942
17.0,30.05,0.11582934505499334
17.0,30.1,0.11481527543749809
17.0,30.15,0.11419553811164575
17.0,30.2,0.11284914502798435
17.0,30.25,0.1114645544899909
17.1,29.75,0.11182240134259223
17.1,29.8,0.11309820010479249
17.1,29.85,0.11447200854104587
17.1,29.9,0.1149284534171854
17.1,29.95,0.11581439224862698
17.1,30.0,0.11645309022434236
17.1,30.05,0.11581439224895868
17.1,30.1,0.1149284534175293
17.1,30.15,0.11447200854139891
17.1,30.2,0.11309820010514196
17.1,30.25,0.11182240134295164
17.2,29.75,0.11202229923457908
17.2,29.8,0.11336129778000709
17.2,29.85,0.11480504222790634
17.2,29.9,0.11509805116375064
17.2,29.95,0.11584380349854623
17.2,30.0,0.11673982509279035
17.2,30.05,0.11584380349888167
17.2,30.1,0.11509805116409791
17.2,30.15,0.11480504222826222
17.2,30.2,0.11336129778036162
17.2,30.25,0.11202229923492793
17.3,29.75,0.11227670971554493
17.3,29.8,0.11368008631274852
17.3,29.85,0.11475955497364386
17.3,29.9,0.11532215910461967
17.3,29.95,0.1159274209150153
17.3,30.0,0.11687631944217097
17.3,30.05,0.11592742091535624
17.3,30.1,0.1153221591049701
17.3,30.15,0.11475955497397473
17.3,30.2,0.11368008631310596
17.3,30.25,0.11227670971589894
17.4,29.75,0.1125858193945309
17.4,29.8,0.11403779054657895
17.4,29.85,0.11476570908354751
17.4,29.9,0.11559883501835752
17.4,29.95,0.11606354839079576
17.4,30.0,0.11689324966603261
17.4,30.05,0.11606354839114012
17.4,30.1,0.11559883501871286
17.4,30.15,0.11476570908388417
17.4,30.2,0.11403779054692553
17.4,30.25,0.11258581939488788
17.5,29.75,0.11292881635839706
17.5,29.8,0.11426651248243841
17.5,29.85,0.11482818435939553
17.5,29.9,0.11583939388617377
17.5,29.95,0.11625045569465066
17.5,30.0,0.11696081643733242
17.5,30.05,0.1162504556949983
17.5,30.1,0.11583939388650155
17.5,30.15,0.11482818435973587
17.5,30.2,0.11426651248278819
17.5,30.25,0.11292881635874312
17.6,29.75,0.11313890192240225
17.6,29.8,0.11455027436141384
17.6,29.85,0.11494530588203072
17.6,29.9,0.11581438433413438
17.6,29.95,0.11648638600161677
17.6,30.0,0.11707746013809366
17.6,30.05,0.1164863860019675
17.6,30.1,0.11581438433446606
17.6,30.15,0.11494530588237457
17.6,30.2,0.11455027436176857
17.6,30.25,0.11313890192275355
17.7,29.75,0.11340326525722051
17.7,29.8,0.11481535174080873
17.7,29.85,0.11511535492862356
17.7,29.9,0.11584176172133442
17.7,29.95,0.1167695632701218
17.7,30.0,0.11724159368780653
17.7,30.05,0.1167695632704755
17.7,30.1,0.11584176172167178
17.7,30.15,0.11511535492897268
17.7,30.2,0.11481535174113557
17.7,30.25,0.11340326525757491
17.8,29.75,0.11371997839964208
17.8,29.8,0.1147615118213699
17.8,29.85,0.1153365769409283
17.8,29.9,0.11592001498698794
17.8,29.95,0.11687872353064387
17.8,30.0,0.11745160884491254
17.8,30.05,0.11687872353097442
17.8,30.1,0.11592001498732889
17.8,30.15,0.11533657694127869
17.8,30.2,0.11476151182170076
17.8,30.25,0.11371997840000135
17.9,29.75,0.11404498257407843
17.9,29.8,0.11476226850804842
17.9,29.85,0.11560718941449971
17.9,29.9,0.11604759662905946
17.9,29.95,0.11688540457704402
17.9,30.0,0.11770588237206106
17.9,30.05,0.11688540457737837
17.9,30.1,0.11604759662940195
17.9,30.15,0.11560718941485504
17.9,30.2,0.11476226850838316
17.9,30.25,0.11404498257442693
18.0,29.75,0.1142685536549757
18.0,29.8,0.11481614083870752
18.0,29.85,0.11585552519663024
18.0,29.9,0.11622292920174221
18.0,29.95,0.11693967170228328
18.0,30.0,0.11794462046656477
18.0,30.05,0.11693967170262318
18.0,30.1,0.11622292920208993
18.0,30.15,0.11585552519695606
18.0,30.2,0.11481614083904788
18.0,30.25,0.11426855365532546
18.1,29.75,0.11454413925976274
18.1,29.8,0.11492160161459712
18.1,29.85,0.11581640474305104
18.1,29.9,0.11644441175556387
18.1,29.95,0.11704011233923418
18.1,30.0,0.11794417757726987
18.1,30.05,0.11704011233957567
18.1,30.1,0.11644441175591475
18.1,30.15,0.11581640474338271
18.1,30.2,0.11492160161493911
18.1,30.25,0.11454413926011556
18.2,29.75,0.11484711132329423
18.2,29.8,0.11507708422548009
18.2,29.85,0.1158267111788966
18.2,29.9,0.11671042615202211
18.2,29.95,0.11718528924276644
18.2,30.0,0.1179884501421846
18.2,30.05,0.11718528924311129
18.2,30.1,0.11671042615237598
18.2,30.15,0.11582671117923017
18.2,30.2,0.11507708422582741
18.2,30.25,0.11484711132361904
18.3,29.75,0.11477541082047649
18.3,29.8,0.1152809894989391
18.3,29.85,0.11588507949601466
18.3,29.9,0.11689342491814397
18.3,29.95,0.11737374584497635
18.3,30.0,0.11807613023445528
18.3,30.05,0.11737374584532632
18.3,30.1,0.1168934249184726
18.3,30.15,0.11588507949635381
18.3,30.2,0.11528098949928965
18.3,30.25,0.11477541082080538
18.4,29.75,0.11475544652383296
18.4,29.8,0.1155316924937102
18.4,29.85,0.11599011134779269
18.4,29.9,0.11687585140107452
18.4,29.95,0.11760401150714105
18.4,30.0,0.11820588992390951
18.4,30.05,0.11760401150749411
18.4,30.1,0.116875851401407
18.4,30.15,0.11599011134813536
18.4,30.2,0.11553169249406384
18.4,30.25,0.11475544652416578
18.5,29.75,0.11478588478095667
18.5,29.8,0.11582754916323446
18.5,29.85,0.11614038057618842
18.5,29.9,0.1169032716186582
18.5,29.95,0.11787460662119438
18.5,30.0,0.11837638582055292
18.5,30.05,0.1178746066215504
18.5,30.1,0.11690327161899629
18.5,30.15,0.11614038057653256
18.5,30.2,0.11582754916359102
18.5,30.25,0.11478588478129326
18.5,30.3,0.1142012865556211
18.5,30.35,0.11282245183785447
18.5,30.4,0.1113668278111011
18.5,30.45,0.11002251205186768
18.5,30.5,0.10877128209944095
18.6,29.75,0.1148653490616088
18.6,29.8,0.11583499624517601
18.6,29.85,0.11633443870837788
18.6,29.9,0.11697441865972819
18.6,29.95,0.11793978261820122
18.6,30.0,0.11858626352409911
18.6,30.05,0.11793978261853257
18.6,30.1,0.11697441866006986
18.6,30.15,0.11633443870872717
18.6,30.2,0.11583499624550189
18.6,30.25,0.11486534906194902
18.6,30.3,0.11445447039314112
18.6,30.35,0.11302650271237263
18.6,30.4,0.11167656006505931
18.6,30.45,0.1102759696484356
18.6,30.5,0.10897551455884454
18.7,29.75,0.1149924257659215
18.7,29.8,0.11581443197819626
18.7,29.85,0.11657082036724813
18.7,29.9,0.11708800217499424
18.7,29.95,0.11795131272508412
18.7,30.0,0.1188341619426488
18.7,30.05,0.11795131272541733
18.7,30.1,0.11708800217533938
18.7,30.15,0.11657082036760051
18.7,30.2,0.11581443197852795
18.7,30.25,0.11499242576626521
18.7,30.3,0.11475553697112048
18.7,30.35,0.11324879404378532
18.7,30.4,0.11188540909065055
18.7,30.45,0.11057508751095595
18.7,30.5,0.10922594936249644
18.8,29.75,0.1151656700797695
18.8,29.8,0.1158395419340188
18.8,29.85,0.11684804854503306
18.8,29.9,0.11724271291243346
18.8,29.95,0.1180040102725143
18.8,30.0,0.1190051578916911
18.8,30.05,0.11800401027285111
18.8,30.1,0.11724271291278193
18.8,30.15,0.11684804854538841
18.8,30.2,0.11583954193435234
18.8,30.25,0.11516567008011655
18.8,30.3,0.11434632620327614
18.8,30.35,0.11293086913610104
18.8,30.4,0.11159852124315423
18.8,30.45,0.11034456260362276
18.8,30.5,0.10916452248576361
18.9,29.75,0.11531815882658733
18.9,29.8,0.1159090761790933
18.9,29.85,0.11688847748648555
18.9,29.9,0.11743722718821878
18.9,29.95,0.11809668970417131
18.9,30.0,0.11901481692747032
18.9,30.05,0.11809668970451351
18.9,30.1,0.11743722718857046
18.9,30.15,0.11688847748681419
18.9,30.2,0.11590907617943236
18.9,30.25,0.11531815882702634
18.9,30.3,0.11383816080944201
18.9,30.35,0.11244538999756039
18.9,30.4,0.11113488118975803
18.9,30.45,0.10990193092947682
18.9,30.5,0.1087420862876866
19.0,29.75,0.11479745063000978
19.0,29.8,0.11602175771192086
19.0,29.85,0.11687654730541427
19.0,29.9,0.11767021125406026
19.0,29.95,0.11822814978250847
19.0,30.0,0.11906340578095999
19.0,30.05,0.11822814978285215
19.0,30.1,0.11767021125441313
19.0,30.15,0.11687654730574674
19.0,30.2,0.11602175771226343
19.0,30.25,0.11479745063044884
19.0,30.3,0.1133406986432087
19.0,30.35,0.11197031227402511
19.0,30.4,0.11068134195117216
19.0,30.45,0.1094691013754377
19.0,30.5,0.1083291560454297
19.1,29.75,0.11428752920387701
19.1,29.8,0.11581205030328032
19.1,29.85,0.11690626299148414
19.1,29.9,0.11794032552583741
19.1,29.95,0.11839717735979241
19.1,30.0,0.11914981786464528
19.1,30.05,0.11839717736014124
19.1,30.1,0.11794032552619324
19.1,30.15,0.11690626299182222
19.1,30.2,0.11581205030371843
19.1,30.25,0.11428752920431708
19.1,30.3,0.1128537226457225
19.1,30.35,0.11150542084175705
19.1,30.4,0.11023769059379397
19.1,30.45,0.10904586343170873
19.1,30.5,0.10792552388601268
19.2,29.75,0.11378817978700145
19.2,29.8,0.115289179016991
19.2,29.85,0.11688550230964095
19.2,29.9,0.11794093827125837
19.2,29.95,0.11860255106282794
19.2,30.0,0.11927293392246413
19.2,30.05,0.11860255106317803
19.2,30.1,0.11794093827158783
19.2,30.15,0.11688550231007883
19.2,30.2,0.11528917901743109
19.2,30.25,0.11378817978744052
19.2,30.3,0.1123770197940416
19.2,30.35,0.111050504683902
19.2,30.4,0.10980371835291435
19.2,30.45,0.10863201081067798
19.2,30.5,0.10753098620350167
19.3,29.75,0.1132991915197223
19.3,29.8,0.11477696640654646
19.3,29.85,0.11634917621097036
19.3,29.9,0.11794723240697744
19.3,29.95,0.11884304486375757
19.3,30.0,0.11943162528030778
19.3,30.05,0.11884304486411257
19.3,30.1,0.11794723240731064
19.3,30.15,0.1163491762114093
19.3,30.2,0.11477696640698656
19.3,30.25,0.1132991915201613
19.3,30.3,0.11191038104250185
19.3,30.35,0.11060535682761634
19.3,30.4,0.10937922056579967
19.3,30.45,0.10822734137613922
19.3,30.5,0.10714534358453734
19.4,29.75,0.1128203573895827
19.4,29.8,0.11427520384596215
19.4,29.85,0.11582359599377065
19.4,29.9,0.11747129625698394
19.4,29.95,0.11900949204450893
19.4,30.0,0.1196247570174554
19.4,30.05,0.11900949204483545
19.4,30.1,0.11747129625742248
19.4,30.15,0.11582359599421063
19.4,30.2,0.11427520384640226
19.4,30.25,0.11282035739002257
19.4,30.3,0.11145360126413473
19.4,30.35,0.11016977428141712
19.4,30.4,0.10896399660511497
19.4,30.45,0.10783165707299598
19.4,30.5,0.10676840073450714
19.5,29.75,0.11235147417697501
19.5,29.8,0.1137836864258333
19.5,29.85,0.11530855534427928
19.5,29.9,0.11693182946096219
19.5,29.95,0.11865957964542308
19.5,30.0,0.11985119103701908
19.5,30.05,0.11865957964586189
19.5,30.1,0.11693182946140178
19.5,30.15,0.11530855534471833
19.5,30.2,0.1137836864262714
19.5,30.25,0.11235147417741474
19.5,30.3,0.11100647919220809
19.5,30.35,0.10974355797276494
19.5,30.4,0.10855784981276952
19.5,30.45,0.10744476385751182
19.5,30.5,0.10639996640440359
19.6,29.75,0.11189234240080176
19.6,29.8,0.11330221290311866
19.6,29.85,0.11480385153403298
19.6,29.9,0.11640299206075733
19.6,29.95,0.1181056929254772
19.6,30.0,0.11991835074560005
19.6,30.05,0.11810569292591618
19.6,30.1,0.11640299206119606
19.6,30.15,0.11480385153447299
19.6,30.2,0.11330221290355764
19.6,30.25,0.11189234240124131
19.7,29.75,0.11144276626419504
19.7,29.8,0.1128305856508625
19.7,29.85,0.11430928537374367
19.7,29.9,0.1158845835950416
19.7,29.95,0.1175625254015318
19.7,30.0,0.11934949669252401
19.7,30.05,0.11756252540197093
19.7,30.1,0.11588458359548134
19.7,30.15,0.11430928537418267
19.7,30.2,0.11283058565130037
19.7,30.25,0.11144276626463438
19.8,29.75,0.1110025536003479
19.8,29.8,0.11236861060787284
19.8,29.85,0.11382466116697655
19.8,29.9,0.11537640701365778
19.8,29.95,0.11702987897409337
19.8,30.0,0.11879145123607349
19.8,30.05,0.11702987897453354
19.8,30.1,0.11537640701409657
19.8,30.15,0.11382466116741548
19.8,30.2,0.11236861060831153
19.8,30.25,0.11100255360078698
19.9,29.75,0.1105715158184766
19.9,29.8,0.1119160972284317
19.9,29.85,0.11334978666375412
19.9,29.9,0.11487826863522206
19.9,29.95,0.11650755882597696
19.9,30.0,0.11824401874202048
19.9,30.05,0.11650755882641625
19.9,30.1,0.11487826863566178
19.9,30.15,0.11334978666419195
19.9,30.2,0.11191609722887116
19.9,30.25,0.11057151581891538
20.0,29.75,0.110149467849982
20.0,29.8,0.11147285843204546
20.0,29.85,0.1128844730140554
20.0,29.9,0.11438997810454601
20.0,29.95,0.11599537338374462
20.0,30.0,0.11770700672865404
20.0,30.05,0.11599537338418298
20.0,30.1,0.11438997810498472
20.0,30.15,0.11288447301449404
20.0,30.2,0.11147285843248468
20.0,30.25,0.11014946785042046
20.1,29.75,0.10973622809480922
20.1,29.8,0.11103871055329523
20.1,29.85,0.11242853472131215
20.1,29.9,0.11391134834989566
20.1,29.95,0.11549313427888715
20.1,30.0,0.11718022583199825
20.1,30.05,0.11549313427932645
20.1,30.1,0.11391134835033523
20.1,30.15,0.11242853472175059
20.1,30.2,0.11103871055373515
20.1,30.25,0.10973622809524831
20.2,29.75,0.10933161836806976
20.2,29.8,0.11061347329182081
20.2,29.85,0.1119817895958968
20.2,29.9,0.11344219554015446
20.2,29.95,0.11500065630878153
20.2,30.0,0.11666348977067396
20.2,30.05,0.1150006563092208
20.2,30.1,0.11344219554059388
20.2,30.15,0.111981789596336
20.2,30.2,0.11061347329226043
20.2,30.25,0.10933161836850945
20.3,29.75,0.1089354638469365
20.3,29.8,0.11019696966245457
20.3,29.85,0.11154405870866799
20.3,29.9,0.1129823390418998
20.3,29.95,0.11451775739744928
20.3,30.0,0.11615661531047712
20.3,30.05,0.11451775739788846
20.3,30.1,0.11298233904233905
20.3,30.15,0.11154405870910691
20.3,30.2,0.11019696966289484
20.3,30.25,0.10893546384737575
20.4,29.75,0.10854759301784841
20.4,29.8,0.1097890259455715
20.4,29.85,0.11111516634459205
20.4,29.9,0.1125316013764637
20.4,29.95,0.11404425855618051
20.4,30.0,0.11565942222869588
20.4,30.05,0.11404425855661957
20.4,30.1,0.11253160137690274
20.4,30.15,0.11111516634502967
20.4,30.2,0.10978902594600937
20.4,30.25,0.10854759301828719
20.5,29.75,0.10816783762405573
20.5,29.8,0.10938947163763281
20.5,29.85,0.11069493995647177
20.5,29.9,0.11208980817698612
20.5,29.95,0.11357998384405135
20.5,30.0,0.11517173327820392
20.5,30.05,0.11357998384449024
20.5,30.1,0.11208980817742491
20.5,30.15,0.11069493995691106
20.5,30.2,0.10938947163807328
20.5,30.25,0.10816783762449605
