mode,orbit_abs_deg,world_spin_delta_deg,centerline_gap_over_R
LOW,0.0,120.0,0.8660254037841232
LOW,0.5,120.0,0.8529026249430903
LOW,1.0,0.0,0.8397148942647674
LOW,1.5,120.0,0.8264632160461572
LOW,2.0,120.0,0.8131485994538634
LOW,2.5,0.0,0.7997720584474882
LOW,3.0,0.0,0.7863346117024187
LOW,3.5,120.0,0.7728372825322501
LOW,4.0,0.5,0.759667011802156
LOW,4.5,0.5,0.7472478620955535
LOW,5.0,0.5,0.7349043684830944
LOW,5.5,0.5,0.7219416021039812
LOW,6.0,0.5,0.7081067178459975
LOW,6.5,1.0,0.6948336895475165
LOW,7.0,1.0,0.682882458752002
LOW,7.5,1.0,0.6697035585973106
LOW,8.0,1.5,0.6559144302149197
LOW,8.5,1.5,0.644293426871156
LOW,9.0,1.5,0.6305243367235709
LOW,9.5,2.0,0.6182035960945224
LOW,10.0,2.0,0.6050321280645792
LOW,10.5,2.5,0.5927658560496085
LOW,11.0,2.5,0.5791677818869974
LOW,11.5,3.0,0.5675423575855719
LOW,12.0,3.5,0.5544827067477532
LOW,12.5,4.0,0.5412028274968037
LOW,13.0,4.0,0.5291396028279581
LOW,13.5,4.5,0.5170318034395476
LOW,14.0,5.0,0.5048023600286149
LOW,14.5,5.5,0.4924589714012676
LOW,15.0,6.0,0.4800093680397937
LOW,15.5,6.5,0.46746130944551045
LOW,16.0,7.5,0.45543814042081454
LOW,16.5,8.0,0.44427826811023263
LOW,17.0,8.5,0.43151396237571416
LOW,17.5,9.5,0.4207243440027526
LOW,18.0,10.5,0.4084668969492708
LOW,18.5,11.0,0.3967327936102866
LOW,19.0,12.0,0.38559492697176373
LOW,19.5,13.5,0.37437089996686945
LOW,20.0,14.5,0.3639373357593712
LOW,20.5,15.5,0.3534281429398099
LOW,21.0,17.0,0.3428105855033318
LOW,21.5,18.5,0.3322540465430039
LOW,22.0,20.0,0.32233729893184626
LOW,22.5,21.5,0.313077629988936
LOW,23.0,23.0,0.30404435223954906
LOW,23.5,25.0,0.29511002018839033
LOW,24.0,27.0,0.2865326815550781
LOW,24.5,29.0,0.27877845531054635
LOW,25.0,31.0,0.2707950510091941
LOW,25.5,33.5,0.2641590763592952
LOW,26.0,36.0,0.2577234150235314
LOW,26.5,38.5,0.2515657434909488
LOW,27.0,41.5,0.24682368440733737
LOW,27.5,44.5,0.24209393898378612
LOW,28.0,47.5,0.23837699681861493
LOW,28.5,50.5,0.2356581660587451
LOW,29.0,53.5,0.23358542749558323
LOW,29.5,57.0,0.23194126464293316
LOW,30.0,60.0,0.23205080756893873
LOW,30.5,63.0,0.23194126464287765
LOW,31.0,66.5,0.23358542749565667
LOW,31.5,69.5,0.23565816605870213
LOW,32.0,72.5,0.23837699681857819
LOW,32.5,75.5,0.2420939389837554
LOW,33.0,78.5,0.2468236844073125
LOW,33.5,81.5,0.2515657434910454
LOW,34.0,84.0,0.2577234150236307
LOW,34.5,86.5,0.26415907635939734
LOW,35.0,89.0,0.2707950510092992
LOW,35.5,91.0,0.2787784553105485
LOW,36.0,93.0,0.2865326815550849
LOW,36.5,95.0,0.2951100201884011
LOW,37.0,97.0,0.30404435223966164
LOW,37.5,98.5,0.3130776299889542
LOW,38.0,100.0,0.3223372989318679
LOW,38.5,101.5,0.33225404654302837
LOW,39.0,103.0,0.34281058550335924
LOW,39.5,104.5,0.3534281429399279
LOW,40.0,105.5,0.3639373357594042
LOW,40.5,106.5,0.37437089996690476
LOW,41.0,108.0,0.3855949269718832
LOW,41.5,109.0,0.3967327936104068
LOW,42.0,109.5,0.4084668969493118
LOW,42.5,110.5,0.4207243440027959
LOW,43.0,111.5,0.4315139623758351
LOW,43.5,112.0,0.44427826811027854
LOW,44.0,112.5,0.4554381404208611
LOW,44.5,113.5,0.4674613094456327
LOW,45.0,114.0,0.4800093680399161
LOW,45.5,114.5,0.49245897140138967
LOW,46.0,115.0,0.5048023600287368
LOW,46.5,115.5,0.5170318034396699
LOW,47.0,116.0,0.5291396028280809
LOW,47.5,116.0,0.5412028274968577
LOW,48.0,116.5,0.5544827067478083
LOW,48.5,117.0,0.5675423575856943
LOW,49.0,117.5,0.5791677818871198
LOW,49.5,117.5,0.5927658560496663
LOW,50.0,118.0,0.6050321280647017
LOW,50.5,118.0,0.61820359609458
LOW,51.0,118.5,0.6305243367236941
LOW,51.5,118.5,0.6442934268712153
LOW,52.0,118.5,0.6559144302149784
LOW,52.5,119.0,0.669703558597433
LOW,53.0,119.0,0.6828824587520615
LOW,53.5,119.0,0.6948336895475766
LOW,54.0,119.5,0.7081067178461202
LOW,54.5,119.5,0.7219416021041035
LOW,55.0,119.5,0.7349043684831554
LOW,55.5,119.5,0.747247862095615
LOW,56.0,119.5,0.7596670118022173
LOW,56.5,0.0,0.7728372825323727
LOW,57.0,0.0,0.7863346117025415
LOW,57.5,0.0,0.7997720584476106
LOW,58.0,0.0,0.8131485994539867
LOW,58.5,0.0,0.8264632160462806
LOW,59.0,0.0,0.83971489426489
LOW,59.5,0.0,0.8529026249432129
LOW,60.0,0.0,0.8660254037842194
HIGH,0.0,120.0,0.8660254037841232
HIGH,0.5,120.0,0.8529026249433718
HIGH,1.0,120.0,0.839714894265048
HIGH,1.5,120.0,0.8264632160464386
HIGH,2.0,0.0,0.8131485994541444
HIGH,2.5,0.0,0.7997720584477694
HIGH,3.0,120.0,0.7863346117026999
HIGH,3.5,120.0,0.7728372825325308
HIGH,4.0,120.0,0.7592810988111357
HIGH,4.5,0.5,0.7459812653412295
HIGH,5.0,0.5,0.7334874053068163
HIGH,5.5,0.5,0.721068255600213
HIGH,6.0,0.5,0.7087247619877545
HIGH,6.5,0.5,0.6957619956091429
HIGH,7.0,0.5,0.6819271113511595
HIGH,7.5,0.5,0.6680396311439945
HIGH,8.0,1.0,0.6545079981091996
HIGH,8.5,1.0,0.6424764702354496
HIGH,9.0,1.0,0.6305252394399351
HIGH,9.5,1.0,0.617346339285746
HIGH,10.0,1.0,0.6032590899796823
HIGH,10.5,1.0,0.5891245710899848
HIGH,11.0,1.5,0.5773835852910851
HIGH,11.5,1.5,0.5657625819473213
HIGH,12.0,1.5,0.5519934918002393
HIGH,12.5,1.5,0.5377236365385831
HIGH,13.0,2.0,0.5248691246343405
HIGH,13.5,2.0,0.5135051059868062
HIGH,14.0,2.0,0.5003336379573669
HIGH,14.5,2.0,0.48593822616975224
HIGH,15.0,2.5,0.473006939573959
HIGH,15.5,2.5,0.46190769395338843
HIGH,16.0,2.5,0.4483096197912821
HIGH,16.5,2.5,0.433798517373883
HIGH,17.0,57.0,0.4332311890985221
HIGH,17.5,57.0,0.44548645860856984
HIGH,18.0,56.5,0.4557753330839909
HIGH,18.5,56.5,0.4699403005556989
HIGH,19.0,56.5,0.4791939321371171
HIGH,19.5,56.0,0.4934509072405577
HIGH,20.0,56.0,0.5024644921451517
HIGH,20.5,55.5,0.5162276754828324
HIGH,21.0,55.5,0.5248431461918113
HIGH,21.5,55.0,0.5380248244952771
HIGH,22.0,54.5,0.5468730182039502
HIGH,22.5,54.5,0.5589011189286978
HIGH,23.0,54.0,0.569731613175794
HIGH,23.5,54.0,0.5788400255252953
HIGH,24.0,53.5,0.5904402116400123
HIGH,24.5,53.0,0.6002366276932146
HIGH,25.0,53.0,0.6088052378001241
HIGH,25.5,52.5,0.6193890372585812
HIGH,26.0,52.0,0.6295730991640536
HIGH,26.5,51.5,0.6362048029804649
HIGH,27.0,53.0,0.6362521002783943
HIGH,27.5,54.0,0.6353156171571648
HIGH,28.0,55.5,0.6337625455790694
HIGH,28.5,56.5,0.6343757296505176
HIGH,29.0,57.5,0.6334246394227184
HIGH,29.5,59.0,0.6328805788857054
HIGH,30.0,60.0,0.6339745962157807
HIGH,30.5,61.0,0.632880578885918
HIGH,31.0,62.5,0.6334246394224824
HIGH,31.5,63.5,0.6343757296507134
HIGH,32.0,64.5,0.6337625455792585
HIGH,32.5,66.0,0.6353156171569064
HIGH,33.0,67.0,0.6362521002785662
HIGH,33.5,68.5,0.6362048029801914
HIGH,34.0,68.0,0.6295730991642179
HIGH,34.5,67.5,0.6193890372587489
HIGH,35.0,67.0,0.6088052378002955
HIGH,35.5,67.0,0.6002366276932644
HIGH,36.0,66.5,0.5904402116401871
HIGH,36.5,66.0,0.578840025525474
HIGH,37.0,66.0,0.5697316131758505
HIGH,37.5,65.5,0.5589011189288798
HIGH,38.0,65.5,0.5468730182040095
HIGH,38.5,65.0,0.5380248244954629
HIGH,39.0,64.5,0.5248431461919996
HIGH,39.5,64.5,0.5162276754830215
HIGH,40.0,64.0,0.502464492145344
HIGH,40.5,64.0,0.4934509072406277
HIGH,41.0,63.5,0.4791939321373129
HIGH,41.5,63.5,0.46994030055589486
HIGH,42.0,63.5,0.4557753330840637
HIGH,42.5,63.0,0.44548645860876945
HIGH,43.0,63.0,0.4332311890985992
HIGH,43.5,117.5,0.43379851737344494
HIGH,44.0,117.5,0.4483096197908434
HIGH,44.5,117.5,0.4619076939536579
HIGH,45.0,117.5,0.47300693957422846
HIGH,45.5,118.0,0.4859382261693133
HIGH,46.0,118.0,0.5003336379569278
HIGH,46.5,118.0,0.5135051059870775
HIGH,47.0,118.0,0.5248691246346121
HIGH,47.5,118.5,0.537723636538144
HIGH,48.0,118.5,0.5519934917998011
HIGH,48.5,118.5,0.5657625819475958
HIGH,49.0,118.5,0.5773835852913591
HIGH,49.5,119.0,0.5891245710895466
HIGH,50.0,119.0,0.6032590899792435
HIGH,50.5,119.0,0.6173463392853071
HIGH,51.0,119.0,0.6305252394402102
HIGH,51.5,119.0,0.6424764702357254
HIGH,52.0,119.0,0.6545079981094765
HIGH,52.5,119.5,0.6680396311435546
HIGH,53.0,119.5,0.6819271113507205
HIGH,53.5,119.5,0.695761995608703
HIGH,54.0,119.5,0.7087247619880334
HIGH,54.5,119.5,0.7210682556004926
HIGH,55.0,119.5,0.7334874053070951
HIGH,55.5,119.5,0.7459812653415084
HIGH,56.0,0.0,0.7592810988106975
HIGH,56.5,0.0,0.7728372825320916
HIGH,57.0,0.0,0.7863346117022613
HIGH,57.5,0.0,0.7997720584473297
HIGH,58.0,0.0,0.8131485994537057
HIGH,58.5,0.0,0.8264632160460003
HIGH,59.0,0.0,0.8397148942646091
HIGH,59.5,0.0,0.8529026249429327
HIGH,60.0,0.0,0.8660254037842186
