path,grid_step_deg,sampled_min_over_R,continuous_lower_bound_over_R
LOW,0.1,0.20631747734186473,0.20306064861967518
LOW,0.02,0.2063168670828734,0.2056655013384354
LOW,0.01,0.2063168670828734,0.20599118421065452
LOW,0.005,0.206316857646254,0.20615401621014443
HIGH,0.1,0.11794462046656477,0.10088277530230091
HIGH,0.02,0.11765641048909292,0.11424404145624027
HIGH,0.01,0.11765641048909292,0.1159502259726663
HIGH,0.005,0.11764927363530138,0.11679618137708837
HIGH_candidate,0.1,0.11991835074560005,0.10338560795635046
HIGH_candidate,0.02,0.1197954321053129,0.11645782324601053
HIGH_candidate,0.01,0.1197954321053129,0.11812662767566141
HIGH_candidate,0.005,0.11978686995211936,0.1189524677372933
